,traj,mean_CrossLinkingMassSpectrometryRestraint_Psi_PSI,std_CrossLinkingMassSpectrometryRestraint_Psi_PSI
0,/data/kartik/Coarse_Graining/Actin/modeling/No_SAXS/Graining_10/Modeling/output_1,0.25,0.0
1,/data/kartik/Coarse_Graining/Actin/modeling/No_SAXS/Graining_10/Modeling/output_19,0.25,0.0
2,/data/kartik/Coarse_Graining/Actin/modeling/No_SAXS/Graining_10/Modeling/output_26,0.25,0.0
3,/data/kartik/Coarse_Graining/Actin/modeling/No_SAXS/Graining_10/Modeling/output_5,0.25,0.0
4,/data/kartik/Coarse_Graining/Actin/modeling/No_SAXS/Graining_10/Modeling/output_22,0.25,0.0
5,/data/kartik/Coarse_Graining/Actin/modeling/No_SAXS/Graining_10/Modeling/output_10,0.25,0.0
6,/data/kartik/Coarse_Graining/Actin/modeling/No_SAXS/Graining_10/Modeling/output_17,0.25,0.0
7,/data/kartik/Coarse_Graining/Actin/modeling/No_SAXS/Graining_10/Modeling/output_23,0.25,0.0
8,/data/kartik/Coarse_Graining/Actin/modeling/No_SAXS/Graining_10/Modeling/output_8,0.25,0.0
9,/data/kartik/Coarse_Graining/Actin/modeling/No_SAXS/Graining_10/Modeling/output_12,0.25,0.0
10,/data/kartik/Coarse_Graining/Actin/modeling/No_SAXS/Graining_10/Modeling/output_3,0.25,0.0
11,/data/kartik/Coarse_Graining/Actin/modeling/No_SAXS/Graining_10/Modeling/output_2,0.25,0.0
12,/data/kartik/Coarse_Graining/Actin/modeling/No_SAXS/Graining_10/Modeling/output_13,0.25,0.0
13,/data/kartik/Coarse_Graining/Actin/modeling/No_SAXS/Graining_10/Modeling/output_28,0.25,0.0
14,/data/kartik/Coarse_Graining/Actin/modeling/No_SAXS/Graining_10/Modeling/output_24,0.25,0.0
15,/data/kartik/Coarse_Graining/Actin/modeling/No_SAXS/Graining_10/Modeling/output_6,0.25,0.0
16,/data/kartik/Coarse_Graining/Actin/modeling/No_SAXS/Graining_10/Modeling/output_25,0.25,0.0
17,/data/kartik/Coarse_Graining/Actin/modeling/No_SAXS/Graining_10/Modeling/output_27,0.25,0.0
18,/data/kartik/Coarse_Graining/Actin/modeling/No_SAXS/Graining_10/Modeling/output_9,0.25,0.0
19,/data/kartik/Coarse_Graining/Actin/modeling/No_SAXS/Graining_10/Modeling/output_18,0.25,0.0
20,/data/kartik/Coarse_Graining/Actin/modeling/No_SAXS/Graining_10/Modeling/output_16,0.25,0.0
21,/data/kartik/Coarse_Graining/Actin/modeling/No_SAXS/Graining_10/Modeling/output_20,0.25,0.0
22,/data/kartik/Coarse_Graining/Actin/modeling/No_SAXS/Graining_10/Modeling/output_14,0.25,0.0
23,/data/kartik/Coarse_Graining/Actin/modeling/No_SAXS/Graining_10/Modeling/output_4,0.25,0.0
24,/data/kartik/Coarse_Graining/Actin/modeling/No_SAXS/Graining_10/Modeling/output_15,0.25,0.0
25,/data/kartik/Coarse_Graining/Actin/modeling/No_SAXS/Graining_10/Modeling/output_11,0.25,0.0
26,/data/kartik/Coarse_Graining/Actin/modeling/No_SAXS/Graining_10/Modeling/output_21,0.25,0.0
27,/data/kartik/Coarse_Graining/Actin/modeling/No_SAXS/Graining_10/Modeling/output_7,0.25,0.0
